Timestamp,Student Identifier,Attendance (%),Daily Study Hours,Daily Screen Time (Hours),Daily Sleep (Hours),Daily Exercise (Hours),Final Exam Score (%)
01/10/2026 23:54:34,Sasuke ,83,2,5,6,2,75
01/10/2026 23:55:37,Jay,75,3,3,8,1,85
01/10/2026 23:59:30,Anuj tiwari bhatar,80,1,14,4,1,90
02/10/2026 00:03:12,Hitman,78,2,10,8,0,73.22222
02/10/2026 00:15:12,Nand🦵,78,2,4,8,2,75
02/10/2026 00:32:21,Rn,100,15,4,4,1,90
02/10/2026 00:48:42,Ujjawal Singh ,76,6,3,9,1,65
02/10/2026 04:08:11,Lavkush Verma ,75,1,14,6,0.5,40
02/10/2026 06:17:37,No,85,4,2,10,2,85
02/10/2026 09:43:27,Satyam,90,8,1,6,1,85
02/10/2026 10:40:21,Expo,85,3,3,7,1,80
02/10/2026 18:38:55,Ayush,95,1.5,12,7,2,78.7
02/10/2026 20:34:09,Ramesh ,80,1,10,8,0.5,75
02/10/2026 20:49:22,Tywin Lannister,70,2,9,5,0.5,75
02/10/2026 20:51:52,Karan,95,5,2,6,1,65
02/10/2026 20:52:41,Dalla,70,1,10,6,3,70
02/10/2026 20:55:22,Flirty,79,6,7,8,2,76
02/10/2026 21:23:07,Jonny,69,6.7,13,4,0.0001,66.7
02/10/2026 22:21:36,Vishal ,80,6,2,3,2,80
02/10/2026 22:37:22,Malik ,60,2.5,5,7,0.15,75
03/10/2026 02:52:44,Prateek ,76,8,5,8,1,75
03/10/2026 13:11:25,Abc,87,1,6,5,0,70
03/10/2026 18:58:35,Rohit ,85,2.5,7,9,0,73
03/10/2026 21:41:29,SKP,50,1,3,10,2,73
04/10/2026 01:15:22,Aarav Sharma,82,3,6,7,1,78
04/10/2026 01:42:18,Sophia Martinez,88,4.5,4,8,1.5,82
04/10/2026 02:10:06,Liam Johnson,74,2,8,6,0.5,70
04/10/2026 02:35:49,Priya Patel,92,5,3,7,1,88
04/10/2026 03:02:12,Lucas Chen,85,3.5,5,8,2,80
04/10/2026 03:28:44,Emma Watson,78,2.5,7,7,0.5,74
04/10/2026 03:55:19,Rohan Gupta,90,4,4,7.5,1,84
04/10/2026 04:18:03,Mia Anderson,68,1.5,9,6,0,65
04/10/2026 04:45:31,Noah Williams,81,3,6,8,1,76
04/10/2026 05:12:14,Ananya Iyer,95,6,2,7,1.5,91
04/10/2026 05:39:50,Ethan Brown,76,2,8,7,0.5,72
04/10/2026 06:05:28,Zara Khan,84,3.5,5,7.5,1,79
04/10/2026 06:31:08,Oliver Davis,89,4,4,8,2,83
04/10/2026 06:58:42,Diya Sengupta,72,1.5,10,6.5,0.5,68
04/10/2026 07:22:19,Alexander Lee,94,5.5,3,7,1,89
04/10/2026 07:49:56,Fatima Al-Mansoor,86,4,5,8,1,81
04/10/2026 08:15:33,Daniel Wilson,70,2,9,6,0,67
04/10/2026 08:41:09,Sneha Reddy,83,3,6,7.5,1.5,77
04/10/2026 09:08:45,Carlos Rodriguez,77,2.5,7,7,1,73
04/10/2026 09:34:23,Elena Rostova,91,4.5,4,8,2,86
04/10/2026 10:00:58,Kabir Mehta,80,3,6,7,0.5,75
04/10/2026 10:25:34,Chloe Taylor,87,4,5,8,1,82
04/10/2026 10:52:11,Aditya Joshi,65,1,11,5.5,0,62
04/10/2026 11:18:48,Maya Lin,93,5,3,7,1.5,87
04/10/2026 11:44:23,Benjamin Scott,79,3,6.5,7.5,1,76
04/10/2026 12:11:01,Tanvi Nair,85,3.5,5,8,1,80
04/10/2026 12:36:37,James Clark,73,2,8,6,0.5,69
04/10/2026 13:03:12,Meera Krishnan,88,4,4.5,7.5,2,83
04/10/2026 13:28:49,Gabriel Santos,75,2.5,7,7,1,71
04/10/2026 13:55:26,Aisha Siddiqui,96,6,2,8,1.5,92
04/10/2026 14:21:02,Devendra Rao,82,3,6,7,0.5,78
04/10/2026 14:47:38,Isabella White,84,3.5,5.5,8,1,79
04/10/2026 15:13:15,Rishi Kapoor,69,1.5,10,6,0,64
04/10/2026 15:39:51,Hannah Miller,90,4.5,4,7.5,1.5,85
04/10/2026 16:05:27,Vikram Malhotra,77,2.5,7.5,7,1,74
04/10/2026 16:32:04,Emily Thomas,86,4,5,8,1,81
04/10/2026 16:57:40,Arjun Bansal,92,5,3.5,7,2,88
04/10/2026 17:24:16,Grace Hall,71,2,8.5,6.5,0.5,68
04/10/2026 17:49:53,Nikhil Saxena,83,3.5,6,7.5,1,78
04/10/2026 18:16:29,Camila Fernandez,89,4,4,8,1.5,84
04/10/2026 18:42:05,Manish Pandey,74,2,8,7,0.5,70
04/10/2026 19:08:42,Harper Martin,87,4.5,4.5,7.5,1,82
04/10/2026 19:34:18,Kavya Deshmukh,94,5.5,3,8,2,90
04/10/2026 20:00:54,Leo Murphy,66,1.5,11,5.5,0,61
04/10/2026 20:26:31,Siddharth Jain,81,3,6,7,1,77
04/10/2026 20:53:07,Ava Jackson,85,3.5,5,8,1,80
04/10/2026 21:18:43,Gaurav Bhatt,78,2.5,7,7,0.5,73
04/10/2026 21:45:20,Layla Hussein,91,4.5,4,7.5,1.5,86
04/10/2026 22:10:56,Henry Adams,73,2,8.5,6.5,0.5,69
04/10/2026 22:37:32,Pooja Hegde,88,4,4,8,1,83
04/10/2026 23:03:09,Samuel Green,80,3,6.5,7,1,75
04/10/2026 23:29:45,Bhavna Chawla,86,3.5,5,7.5,1.5,81
04/10/2026 23:55:21,Jack Harris,67,1.5,9.5,6,0,63
05/10/2026 00:21:58,Tanya Sen,93,5,3,8,2,89
05/10/2026 00:47:34,Dylan Wright,76,2.5,7,7,0.5,72
05/10/2026 01:14:10,Akash Varma,84,3.5,5,7.5,1,79
05/10/2026 01:39:47,Zoe Baker,89,4,4,8,1.5,84
05/10/2026 02:06:23,Varun Chopra,72,2,8,6.5,0.5,68
05/10/2026 02:31:59,Lily King,92,5,3.5,7,1,87
05/10/2026 02:58:36,Abhinav Mishra,81,3,6,7.5,1,76
05/10/2026 03:24:12,Mason Scott,85,3.5,5.5,8,1.5,80
05/10/2026 03:50:48,Shreya Goswami,77,2.5,7,7,0.5,74
05/10/2026 04:16:25,Sebastian Torres,90,4.5,4,7.5,2,85
05/10/2026 04:43:01,Rajeshwari Pillai,64,1,12,5,0,60
05/10/2026 05:08:37,Logan Turner,83,3,6,7.5,1,78
05/10/2026 05:35:14,Simran Gill,87,4,4.5,8,1,82
05/10/2026 06:00:50,Mateo Diaz,75,2,7.5,7,0.5,71
05/10/2026 06:27:26,Anshul Tiwari,95,5.5,2.5,8,1.5,91
05/10/2026 06:53:03,Victoria Perez,79,3,6,7,1,75
05/10/2026 07:19:39,Deepak Soni,86,3.5,5,8,1.5,81
05/10/2026 07:45:15,Owen Mitchell,70,2,9,6,0,66
05/10/2026 08:11:52,Kriti Sanon,91,4.5,3.5,7.5,1,86
05/10/2026 08:37:28,Lucas Morales,78,2.5,7,7,0.5,74
05/10/2026 09:04:04,Kartik Aaryan,84,3.5,5,8,1,79
05/10/2026 09:29:41,Nora Evans,88,4,4,8,2,83
05/10/2026 09:56:17,Pranav Anand,73,2,8.5,6.5,0.5,69
05/10/2026 10:21:53,Penelope Campbell,94,5,3,7,1.5,89
05/10/2026 10:48:30,Harsh Vardhan,82,3,6,7.5,1,77
05/10/2026 11:14:06,Carter Phillips,80,3,6.5,7,0.5,75
05/10/2026 11:40:42,Alia Bhatt,89,4.5,4,8,1.5,85
05/10/2026 12:06:19,Wyatt Cooper,68,1.5,10,6,0,64
05/10/2026 12:32:55,Rupal Agarwal,93,5,3,7.5,1,88
05/10/2026 12:58:31,Elijah Kelly,76,2.5,7.5,7,0.5,72
05/10/2026 13:25:08,Jaspreet Singh,85,3.5,5,8,2,80
05/10/2026 13:50:44,Stella Reed,87,4,4.5,7.5,1,82
05/10/2026 14:17:20,Tushar Singhal,71,2,8,6.5,0.5,67
05/10/2026 14:42:57,Caleb Bailey,90,4.5,4,8,1.5,86
05/10/2026 15:09:33,Swati Mohan,83,3,6,7.5,1,78
05/10/2026 15:35:09,Ryan Rivera,77,2.5,7,7,0.5,73
05/10/2026 16:01:46,Madhav Jha,92,5,3.5,8,2,87
05/10/2026 16:27:22,Addison Cox,63,1,13,5,0,58
05/10/2026 16:53:58,Nandini Sen,86,4,5,7.5,1,81
05/10/2026 17:19:35,Nathan Ward,81,3,6.5,7,1,76
05/10/2026 17:46:11,Ishaan Roy,88,4,4,8,1.5,83
05/10/2026 18:11:47,Eleanor Watson,74,2,8,6.5,0.5,70
05/10/2026 18:38:24,Ritesh Deshmukh,95,5.5,2,8,1,90
05/10/2026 19:04:00,Gabriel Foster,79,3,6,7.5,1,75
05/10/2026 19:30:36,Sonali Bendre,84,3.5,5.5,8,1.5,80
05/10/2026 19:56:13,Christian Powell,69,1.5,9.5,6,0,65
05/10/2026 20:22:49,Virender Sehwag,91,4.5,3.5,7.5,2,86
05/10/2026 20:48:25,Leah Long,75,2,7.5,7,0.5,72
05/10/2026 21:15:02,Girish Kumar,87,4,4.5,8,1,82
05/10/2026 21:40:38,Hunter Patterson,82,3,6,7,1,77
05/10/2026 22:07:14,Kajal Aggarwal,93,5,3,8,1.5,88
05/10/2026 22:32:51,Eli Hughes,72,2,8.5,6.5,0.5,68
05/10/2026 22:59:27,Manoj Bajpayee,85,3.5,5,7.5,1,80
05/10/2026 23:25:03,Audrey Flores,89,4,4,8,2,84
05/10/2026 23:51:40,Sunil Chhetri,78,2.5,7,7,0.5,74
06/10/2026 00:17:16,Lillian Washington,94,5.5,3,8,1,89
06/10/2026 00:43:52,Pankaj Tripathi,80,3,6.5,7,1,76
06/10/2026 01:09:29,Bella Butler,86,3.5,5,8,1.5,81
06/10/2026 01:36:05,Sanjay Dutt,67,1.5,10,6,0,63
06/10/2026 02:01:41,Claire Simmons,92,4.5,3.5,7.5,1,87
06/10/2026 02:28:18,Dhanush K,76,2,8,7,0.5,71
06/10/2026 02:53:54,Skylar Foster,88,4,4,8,2,83
06/10/2026 03:20:30,Ashwin Ravichandran,83,3,6,7.5,1,78
06/10/2026 03:46:06,Paisley Gonzales,70,2,9,6.5,0.5,66
06/10/2026 04:12:43,Bhuvneshwar Kumar,90,4.5,4,8,1.5,85
06/10/2026 04:38:19,Everly Bryant,77,2.5,7.5,7,1,73
06/10/2026 05:04:55,Ajinkya Rahane,84,3.5,5,7.5,1,79
06/10/2026 05:30:32,Anna Alexander,89,4,4.5,8,1.5,84
06/10/2026 05:57:08,Yuvraj Singh,73,2,8,6.5,0.5,69
06/10/2026 06:22:44,Caroline Russell,96,6,2.5,7.5,2,92
06/10/2026 06:49:21,Hardik Pandya,81,3,6,7,1,77
06/10/2026 07:14:57,Nova Griffin,85,3.5,5.5,8,1,80
06/10/2026 07:41:33,Ravindra Jadeja,66,1.5,10.5,6,0,62
06/10/2026 08:07:10,Genesis Hayes,91,4.5,3.5,7.5,1.5,86
06/10/2026 08:33:46,Shubman Gill,78,2.5,7,7,0.5,74
06/10/2026 08:59:22,Emilia Myers,87,4,4,8,1,82
06/10/2026 09:25:59,Kuldeep Yadav,74,2,8.5,6.5,0.5,70
06/10/2026 09:51:35,Kennedy Ford,93,5,3,8,2,88
06/10/2026 10:18:11,Mohammed Siraj,82,3,6,7.5,1,78
06/10/2026 10:43:48,Samantha Hamilton,86,3.5,5,8,1.5,81
06/10/2026 11:10:24,Jasprit Bumrah,68,1.5,9.5,6,0,64
06/10/2026 11:36:00,Maya Graham,90,4.5,4,7.5,1,85
06/10/2026 12:02:37,KL Rahul,75,2,7.5,7,0.5,72
06/10/2026 12:28:13,Willow Sullivan,88,4,4.5,8,1.5,83
06/10/2026 12:54:49,Axar Patel,80,3,6,7,1,76
06/10/2026 13:20:26,Kinsley Wallace,71,2,8,6.5,0.5,67
06/10/2026 13:47:02,Shardul Thakur,94,5.5,3,8,2,89
06/10/2026 14:12:38,Naomi Woods,83,3,6,7.5,1,78
06/10/2026 14:39:15,Deepak Chahar,85,3.5,5.5,8,1,80
06/10/2026 15:04:51,Aaliyah Cole,65,1,11.5,5.5,0,61
06/10/2026 15:31:27,Washington Sundar,92,5,3.5,7.5,1.5,87
06/10/2026 15:57:04,Elena West,77,2.5,7,7,0.5,73
06/10/2026 16:23:40,Ishan Kishan,89,4,4,8,1,84
06/10/2026 16:49:16,Hailey Jordan,72,2,8,6.5,0.5,68
06/10/2026 17:15:53,Sanju Samson,95,5.5,2.5,8,2,91
06/10/2026 17:41:29,Gianna Owens,81,3,6.5,7,1,77
06/10/2026 18:08:05,Prithvi Shaw,84,3.5,5,8,1,79
06/10/2026 18:33:42,Cora Reynolds,69,1.5,10,6,0,65
06/10/2026 19:00:18,Arshdeep Singh,91,4.5,3.5,7.5,1.5,86
06/10/2026 19:25:54,Autumn Fisher,76,2.5,7.5,7,0.5,72
06/10/2026 19:52:31,Umran Malik,87,4,4.5,8,1,82
06/10/2026 20:18:07,Quinn Ellis,82,3,6,7.5,1,78